No,Keyword,Search Volume,CPC,Paid Difficulty,SEO Difficulty
1,"all inclusive access marketing",0,"$0.00",1,4
2,"brand assessment",90,"$12.13",32,47
3,"brand audit services",170,"$2.51",3,24
4,"inclusive customer experience",10,"$0.00",1,13
5,"inclusive digital marketing",10,"$0.00",1,13
6,"inclusive market research group",0,"$0.00",1,4
7,"inclusive market systems",10,"$0.00",1,13
8,"inclusive marketing",210,"$0.00",2,63
9,"inclusive marketing campaigns",10,"$0.00",5,15
10,"inclusive marketing framework",0,"$0.00",1,12
11,"inclusive marketing guidelines",0,"$0.00",1,12
12,"inclusive marketing research",0,"$0.00",1,12
13,"inclusive marketing trends",0,"$0.00",1,12
14,"market research",18100,"$12.38",18,92
15,"market research agency",260,"$25.35",11,87
16,"market research industry",320,"$13.01",18,71
17,"market research metrics",70,"$5.58",24,0
18,"market research organization",50,"$31.03",23,72
19,"market research quantitative",590,"$17.36",6,52
20,"market research strategies",260,"$10.17",20,60
21,"marketing audit",880,"$18.57",24,67
22,"marketing campaign audit",10,"$0.00",1,13
23,"marketing communication audit",20,"$0.00",71,35
24,"marketing content audit",260,"$0.00",2,55
25,"marketing scorecard",210,"$14.52",32,25
26,"marketing strategy audit",30,"$0.00",1,43
27,"multicultural communications",140,"$0.00",1,33
28,"multicultural marketing research",10,"$0.00",1,13
29,"qualitative market research",480,"$13.76",9,47
30,"quantitative market research methods",140,"$4.06",10,46
